<?xml version="1.0" encoding="UTF-8"?>
<project-private xmlns="http://www.netbeans.org/ns/project-private/1">
    <editor-bookmarks xmlns="http://www.netbeans.org/ns/editor-bookmarks/2" lastBookmarkId="0"/>
    <open-files xmlns="http://www.netbeans.org/ns/projectui-open-files/2">
        <group>
            <file>file:/C:/Users/FAMILIA/OneDrive/Datos%20adjuntos/Documentos/.Trabajos_UD/prog.%20Multinivel/proyVehiculosFRMTable/src/modelo/Formulario.java</file>
            <file>file:/C:/Users/FAMILIA/OneDrive/Datos%20adjuntos/Documentos/.Trabajos_UD/prog.%20Multinivel/proyVehiculosFRMTable/src/vista/frmVehiculoRadioButon.java</file>
            <file>file:/C:/Users/FAMILIA/OneDrive/Datos%20adjuntos/Documentos/.Trabajos_UD/prog.%20Multinivel/proyVehiculosFRMTable/src/modelo/Auto.java</file>
            <file>file:/C:/Users/FAMILIA/OneDrive/Datos%20adjuntos/Documentos/.Trabajos_UD/prog.%20Multinivel/proyVehiculosFRMTable/src/control/ControladorFRMRadioButton.java</file>
            <file>file:/C:/Users/FAMILIA/OneDrive/Datos%20adjuntos/Documentos/.Trabajos_UD/prog.%20Multinivel/proyVehiculosFRMTable/src/modelo/Recaudo.java</file>
            <file>file:/C:/Users/FAMILIA/OneDrive/Datos%20adjuntos/Documentos/.Trabajos_UD/prog.%20Multinivel/proyVehiculosFRMTable/src/main/HerenciaVehiculos.java</file>
            <file>file:/C:/Users/FAMILIA/OneDrive/Datos%20adjuntos/Documentos/.Trabajos_UD/prog.%20Multinivel/proyVehiculosFRMTable/src/modelo/Moto.java</file>
            <file>file:/C:/Users/FAMILIA/OneDrive/Datos%20adjuntos/Documentos/.Trabajos_UD/prog.%20Multinivel/proyVehiculosFRMTable/src/vista/frmVehiculoComboBox.java</file>
            <file>file:/C:/Users/FAMILIA/OneDrive/Datos%20adjuntos/Documentos/.Trabajos_UD/prog.%20Multinivel/proyVehiculosFRMTable/src/modelo/Persona.java</file>
            <file>file:/C:/Users/FAMILIA/OneDrive/Datos%20adjuntos/Documentos/.Trabajos_UD/prog.%20Multinivel/proyVehiculosFRMTable/src/control/ControladorFRMComboBox.java</file>
            <file>file:/C:/Users/FAMILIA/OneDrive/Datos%20adjuntos/Documentos/.Trabajos_UD/prog.%20Multinivel/proyVehiculosFRMTable/src/modelo/Vehiculo.java</file>
        </group>
    </open-files>
</project-private>
