<?xml version="1.0" encoding="UTF-8"?>
<project-private xmlns="http://www.netbeans.org/ns/project-private/1">
    <editor-bookmarks xmlns="http://www.netbeans.org/ns/editor-bookmarks/2" lastBookmarkId="0"/>
    <open-files xmlns="http://www.netbeans.org/ns/projectui-open-files/2">
        <group>
            <file>file:/C:/Users/FAMILIA/OneDrive/Datos%20adjuntos/Documentos/.Trabajos_UD/prog.%20Multinivel/proyMembresiaGYM/src/modelo/Conexion.java</file>
            <file>file:/C:/Users/FAMILIA/OneDrive/Datos%20adjuntos/Documentos/.Trabajos_UD/prog.%20Multinivel/proyMembresiaGYM/src/vista/vista_ConsultaBD.java</file>
            <file>file:/C:/Users/FAMILIA/OneDrive/Datos%20adjuntos/Documentos/.Trabajos_UD/prog.%20Multinivel/proyMembresiaGYM/src/control/Controlador_MDI.java</file>
            <file>file:/C:/Users/FAMILIA/OneDrive/Datos%20adjuntos/Documentos/.Trabajos_UD/prog.%20Multinivel/proyMembresiaGYM/src/modelo/TipoA.java</file>
            <file>file:/C:/Users/FAMILIA/OneDrive/Datos%20adjuntos/Documentos/.Trabajos_UD/prog.%20Multinivel/proyMembresiaGYM/src/vista/vista_Consulta.java</file>
            <file>file:/C:/Users/FAMILIA/OneDrive/Datos%20adjuntos/Documentos/.Trabajos_UD/prog.%20Multinivel/proyMembresiaGYM/src/modelo/TipoB.java</file>
            <file>file:/C:/Users/FAMILIA/OneDrive/Datos%20adjuntos/Documentos/.Trabajos_UD/prog.%20Multinivel/proyMembresiaGYM/src/modelo/ConexionBD.java</file>
            <file>file:/C:/Users/FAMILIA/OneDrive/Datos%20adjuntos/Documentos/.Trabajos_UD/prog.%20Multinivel/proyMembresiaGYM/src/control/Controlador_Membresia.java</file>
            <file>file:/C:/Users/FAMILIA/OneDrive/Datos%20adjuntos/Documentos/.Trabajos_UD/prog.%20Multinivel/proyMembresiaGYM/src/modelo/Recaudo.java</file>
            <file>file:/C:/Users/FAMILIA/OneDrive/Datos%20adjuntos/Documentos/.Trabajos_UD/prog.%20Multinivel/proyMembresiaGYM/src/modelo/Persona.java</file>
            <file>file:/C:/Users/FAMILIA/OneDrive/Datos%20adjuntos/Documentos/.Trabajos_UD/prog.%20Multinivel/proyMembresiaGYM/src/vista/vista_MDI.java</file>
            <file>file:/C:/Users/FAMILIA/OneDrive/Datos%20adjuntos/Documentos/.Trabajos_UD/prog.%20Multinivel/proyMembresiaGYM/src/modelo/Fecha.java</file>
            <file>file:/C:/Users/FAMILIA/OneDrive/Datos%20adjuntos/Documentos/.Trabajos_UD/prog.%20Multinivel/proyMembresiaGYM/src/modelo/Factura_Gym.java</file>
            <file>file:/C:/Users/FAMILIA/OneDrive/Datos%20adjuntos/Documentos/.Trabajos_UD/prog.%20Multinivel/proyMembresiaGYM/src/modelo/RecaudoPDF.java</file>
            <file>file:/C:/Users/FAMILIA/OneDrive/Datos%20adjuntos/Documentos/.Trabajos_UD/prog.%20Multinivel/proyMembresiaGYM/src/control/Controlador_Consulta.java</file>
            <file>file:/C:/Users/FAMILIA/OneDrive/Datos%20adjuntos/Documentos/.Trabajos_UD/prog.%20Multinivel/proyMembresiaGYM/src/main/main.java</file>
            <file>file:/C:/Users/FAMILIA/OneDrive/Datos%20adjuntos/Documentos/.Trabajos_UD/prog.%20Multinivel/proyMembresiaGYM/src/modelo/Membresia.java</file>
            <file>file:/C:/Users/FAMILIA/OneDrive/Datos%20adjuntos/Documentos/.Trabajos_UD/prog.%20Multinivel/proyMembresiaGYM/src/modelo/ArchPdf.java</file>
            <file>file:/C:/Users/FAMILIA/OneDrive/Datos%20adjuntos/Documentos/.Trabajos_UD/prog.%20Multinivel/proyMembresiaGYM/src/modelo/TipoC.java</file>
            <file>file:/C:/Users/FAMILIA/OneDrive/Datos%20adjuntos/Documentos/.Trabajos_UD/prog.%20Multinivel/proyMembresiaGYM/src/vista/vista_Recaudo.java</file>
            <file>file:/C:/Users/FAMILIA/OneDrive/Datos%20adjuntos/Documentos/.Trabajos_UD/prog.%20Multinivel/proyMembresiaGYM/src/control/Controlador_ConsultaBD.java</file>
            <file>file:/C:/Users/FAMILIA/OneDrive/Datos%20adjuntos/Documentos/.Trabajos_UD/prog.%20Multinivel/proyMembresiaGYM/src/modelo/FacturaDAO.java</file>
            <file>file:/C:/Users/FAMILIA/OneDrive/Datos%20adjuntos/Documentos/.Trabajos_UD/prog.%20Multinivel/proyMembresiaGYM/src/control/Controlador_Recaudo.java</file>
            <file>file:/C:/Users/FAMILIA/OneDrive/Datos%20adjuntos/Documentos/.Trabajos_UD/prog.%20Multinivel/proyMembresiaGYM/src/vista/vista_Membresia.java</file>
            <file>file:/C:/Users/FAMILIA/OneDrive/Datos%20adjuntos/Documentos/.Trabajos_UD/prog.%20Multinivel/proyMembresiaGYM/src/modelo/PersonaDAO.java</file>
            <file>file:/C:/Users/FAMILIA/OneDrive/Datos%20adjuntos/Documentos/.Trabajos_UD/prog.%20Multinivel/proyMembresiaGYM/src/modelo/MembresiaDAO.java</file>
        </group>
    </open-files>
</project-private>
