<?xml version="1.0" encoding="UTF-8"?>
<project-private xmlns="http://www.netbeans.org/ns/project-private/1">
    <editor-bookmarks xmlns="http://www.netbeans.org/ns/editor-bookmarks/2" lastBookmarkId="0"/>
    <open-files xmlns="http://www.netbeans.org/ns/projectui-open-files/2">
        <group>
            <file>file:/C:/Users/PC/Desktop/PROYECTO_FINAL/proyMembresiaGYM/src/modelo/Factura_Gym.java</file>
            <file>file:/C:/Users/PC/Desktop/PROYECTO_FINAL/proyMembresiaGYM/src/modelo/FacturaDAO.java</file>
            <file>file:/C:/Users/PC/Desktop/PROYECTO_FINAL/proyMembresiaGYM/src/modelo/Persona.java</file>
            <file>file:/C:/Users/PC/Desktop/PROYECTO_FINAL/proyMembresiaGYM/src/modelo/Fecha.java</file>
            <file>file:/C:/Users/PC/Desktop/PROYECTO_FINAL/proyMembresiaGYM/src/control/Controlador_ConsultaBD.java</file>
            <file>file:/C:/Users/PC/Desktop/PROYECTO_FINAL/proyMembresiaGYM/src/control/Controlador_Consulta.java</file>
            <file>file:/C:/Users/PC/Desktop/PROYECTO_FINAL/proyMembresiaGYM/src/vista/vista_ConsultaBD.java</file>
        </group>
    </open-files>
</project-private>
