<?xml version="1.0" encoding="UTF-8"?>
<project-private xmlns="http://www.netbeans.org/ns/project-private/1">
    <editor-bookmarks xmlns="http://www.netbeans.org/ns/editor-bookmarks/2" lastBookmarkId="0"/>
    <open-files xmlns="http://www.netbeans.org/ns/projectui-open-files/2">
        <group>
            <file>file:/C:/Users/FAMILIA/OneDrive/Datos%20adjuntos/Documentos/.Trabajos_UD/prog.%20Multinivel/EjSpinnerOscarGonzalez/src/vista/MDIInicio.java</file>
            <file>file:/C:/Users/FAMILIA/OneDrive/Datos%20adjuntos/Documentos/.Trabajos_UD/prog.%20Multinivel/EjSpinnerOscarGonzalez/src/vista/FrmRegistro.java</file>
            <file>file:/C:/Users/FAMILIA/OneDrive/Datos%20adjuntos/Documentos/.Trabajos_UD/prog.%20Multinivel/EjSpinnerOscarGonzalez/src/modelo/Conversion_Unidades.java</file>
            <file>file:/C:/Users/FAMILIA/OneDrive/Datos%20adjuntos/Documentos/.Trabajos_UD/prog.%20Multinivel/EjSpinnerOscarGonzalez/src/controlador/Control.java</file>
            <file>file:/C:/Users/FAMILIA/OneDrive/Datos%20adjuntos/Documentos/.Trabajos_UD/prog.%20Multinivel/EjSpinnerOscarGonzalez/src/ejspinneroscargonzalez/proyIMC.java</file>
            <file>file:/C:/Users/FAMILIA/OneDrive/Datos%20adjuntos/Documentos/.Trabajos_UD/prog.%20Multinivel/EjSpinnerOscarGonzalez/src/IMG/registros.png</file>
            <file>file:/C:/Users/FAMILIA/OneDrive/Datos%20adjuntos/Documentos/.Trabajos_UD/prog.%20Multinivel/EjSpinnerOscarGonzalez/src/vista/FrmIMC.java</file>
            <file>file:/C:/Users/FAMILIA/OneDrive/Datos%20adjuntos/Documentos/.Trabajos_UD/prog.%20Multinivel/EjSpinnerOscarGonzalez/src/modelo/Persona.java</file>
        </group>
    </open-files>
</project-private>
