<?xml version="1.0" encoding="UTF-8"?>
<project-private xmlns="http://www.netbeans.org/ns/project-private/1">
    <editor-bookmarks xmlns="http://www.netbeans.org/ns/editor-bookmarks/2" lastBookmarkId="0"/>
    <open-files xmlns="http://www.netbeans.org/ns/projectui-open-files/2">
        <group>
            <file>file:/C:/Users/FAMILIA/OneDrive/Datos%20adjuntos/Documentos/.Trabajos_UD/prog.%20Multinivel/proyServSalud/src/controlador/ControlMDI.java</file>
            <file>file:/C:/Users/FAMILIA/OneDrive/Datos%20adjuntos/Documentos/.Trabajos_UD/prog.%20Multinivel/proyServSalud/src/IMG/exit%20icono.png</file>
            <file>file:/C:/Users/FAMILIA/OneDrive/Datos%20adjuntos/Documentos/.Trabajos_UD/prog.%20Multinivel/proyServSalud/src/vista/frmPrincipal.java</file>
            <file>file:/C:/Users/FAMILIA/OneDrive/Datos%20adjuntos/Documentos/.Trabajos_UD/prog.%20Multinivel/proyServSalud/src/modelo/ArchPdf.java</file>
            <file>file:/C:/Users/FAMILIA/OneDrive/Datos%20adjuntos/Documentos/.Trabajos_UD/prog.%20Multinivel/proyServSalud/src/proyservsalud/ProyServSalud.java</file>
            <file>file:/C:/Users/FAMILIA/OneDrive/Datos%20adjuntos/Documentos/.Trabajos_UD/prog.%20Multinivel/proyServSalud/src/modelo/Consulta.java</file>
            <file>file:/C:/Users/FAMILIA/OneDrive/Datos%20adjuntos/Documentos/.Trabajos_UD/prog.%20Multinivel/proyServSalud/src/vista/frmJIVentanaCB.java</file>
            <file>file:/C:/Users/FAMILIA/OneDrive/Datos%20adjuntos/Documentos/.Trabajos_UD/prog.%20Multinivel/proyServSalud/src/controlador/ControlJIFrm.java</file>
        </group>
    </open-files>
</project-private>
