<?xml version="1.0" encoding="UTF-8"?>
<project-private xmlns="http://www.netbeans.org/ns/project-private/1">
    <editor-bookmarks xmlns="http://www.netbeans.org/ns/editor-bookmarks/2" lastBookmarkId="0"/>
    <open-files xmlns="http://www.netbeans.org/ns/projectui-open-files/2">
        <group>
            <file>file:/C:/Users/Estudiante/Desktop/proyVehiculosArch2/src/vista/MDIinicio.java</file>
            <file>file:/C:/Users/Estudiante/Desktop/proyVehiculosArch2/src/modelo/Moto.java</file>
            <file>file:/C:/Users/Estudiante/Desktop/proyVehiculosArch2/src/IMG/Icono%20Formulario.png</file>
            <file>file:/C:/Users/Estudiante/Desktop/proyVehiculosArch2/src/vista/JIFrmConsulta.java</file>
            <file>file:/C:/Users/Estudiante/Desktop/proyVehiculosArch2/src/control/ControladorJIFRM.java</file>
            <file>file:/C:/Users/Estudiante/Desktop/proyVehiculosArch2/src/IMG/exit%20icono.png</file>
            <file>file:/C:/Users/Estudiante/Desktop/proyVehiculosArch2/src/IMG/car%20icono.png</file>
            <file>file:/C:/Users/Estudiante/Desktop/proyVehiculosArch2/src/modelo/Persona.java</file>
            <file>file:/C:/Users/Estudiante/Desktop/proyVehiculosArch2/src/modelo/Formulario.java</file>
            <file>file:/C:/Users/Estudiante/Desktop/proyVehiculosArch2/src/control/ControladorMDI.java</file>
            <file>file:/C:/Users/Estudiante/Desktop/proyVehiculosArch2/src/modelo/FormatoEntradaException.java</file>
            <file>file:/C:/Users/Estudiante/Desktop/proyVehiculosArch2/src/control/ControladorJIConsulta.java</file>
            <file>file:/C:/Users/Estudiante/Desktop/proyVehiculosArch2/src/vista/JIFrmVehi.java</file>
            <file>file:/C:/Users/Estudiante/Desktop/proyVehiculosArch2/src/modelo/Recaudo.java</file>
        </group>
    </open-files>
</project-private>
