<?xml version="1.0" encoding="UTF-8"?>
<project-private xmlns="http://www.netbeans.org/ns/project-private/1">
    <editor-bookmarks xmlns="http://www.netbeans.org/ns/editor-bookmarks/2" lastBookmarkId="0"/>
    <open-files xmlns="http://www.netbeans.org/ns/projectui-open-files/2">
        <group>
            <file>file:/C:/Users/FAMILIA/OneDrive/Datos%20adjuntos/Documentos/NetBeansProjects/proyEmpleadoP_A/src/modelo/Empleado_Contratista.java</file>
            <file>file:/C:/Users/FAMILIA/OneDrive/Datos%20adjuntos/Documentos/NetBeansProjects/proyEmpleadoP_A/src/modelo/Recaudo.java</file>
            <file>file:/C:/Users/FAMILIA/OneDrive/Datos%20adjuntos/Documentos/NetBeansProjects/proyEmpleadoP_A/src/proyempleadop_a/ProyEmpleadoP_A.java</file>
            <file>file:/C:/Users/FAMILIA/OneDrive/Datos%20adjuntos/Documentos/NetBeansProjects/proyEmpleadoP_A/src/modelo/Empleado.java</file>
            <file>file:/C:/Users/FAMILIA/OneDrive/Datos%20adjuntos/Documentos/NetBeansProjects/proyEmpleadoP_A/src/vista/EntradaCM.java</file>
            <file>file:/C:/Users/FAMILIA/OneDrive/Datos%20adjuntos/Documentos/NetBeansProjects/proyEmpleadoP_A/src/modelo/Empleado_Planta.java</file>
            <file>file:/C:/Users/FAMILIA/OneDrive/Datos%20adjuntos/Documentos/NetBeansProjects/proyEmpleadoP_A/src/modelo/Extracto.java</file>
            <file>file:/C:/Users/FAMILIA/OneDrive/Datos%20adjuntos/Documentos/NetBeansProjects/proyEmpleadoP_A/src/controlador/ControlRec.java</file>
        </group>
    </open-files>
</project-private>
